,game_id,week,season,posteam,defteam,pass_success,pass_count
0,2021_01_ARI_TEN,1,2021.0,ARI,TEN,14.0,34
1,2021_01_ARI_TEN,1,2021.0,TEN,ARI,19.0,42
2,2021_01_BAL_LV,1,2021.0,BAL,LV,16.0,33
3,2021_01_BAL_LV,1,2021.0,LV,BAL,28.0,57
4,2021_01_CHI_LA,1,2021.0,CHI,LA,23.0,43
5,2021_01_CHI_LA,1,2021.0,LA,CHI,15.0,27
6,2021_01_CLE_KC,1,2021.0,CLE,KC,16.0,30
7,2021_01_CLE_KC,1,2021.0,KC,CLE,20.0,39
8,2021_01_DAL_TB,1,2021.0,DAL,TB,34.0,59
9,2021_01_DAL_TB,1,2021.0,TB,DAL,27.0,50
10,2021_01_DEN_NYG,1,2021.0,DEN,NYG,22.0,38
11,2021_01_DEN_NYG,1,2021.0,NYG,DEN,17.0,38
12,2021_01_GB_NO,1,2021.0,GB,NO,14.0,37
13,2021_01_GB_NO,1,2021.0,NO,GB,13.0,21
14,2021_01_JAX_HOU,1,2021.0,HOU,JAX,17.0,34
15,2021_01_JAX_HOU,1,2021.0,JAX,HOU,22.0,52
16,2021_01_LAC_WAS,1,2021.0,LAC,WAS,28.0,49
17,2021_01_LAC_WAS,1,2021.0,WAS,LAC,9.0,22
18,2021_01_MIA_NE,1,2021.0,MIA,NE,14.0,29
19,2021_01_MIA_NE,1,2021.0,NE,MIA,21.0,40
20,2021_01_MIN_CIN,1,2021.0,CIN,MIN,14.0,31
21,2021_01_MIN_CIN,1,2021.0,MIN,CIN,24.0,52
22,2021_01_NYJ_CAR,1,2021.0,CAR,NYJ,16.0,36
23,2021_01_NYJ_CAR,1,2021.0,NYJ,CAR,16.0,44
24,2021_01_PHI_ATL,1,2021.0,ATL,PHI,14.0,38
25,2021_01_PHI_ATL,1,2021.0,PHI,ATL,20.0,35
26,2021_01_PIT_BUF,1,2021.0,BUF,PIT,22.0,54
27,2021_01_PIT_BUF,1,2021.0,PIT,BUF,15.0,34
28,2021_01_SEA_IND,1,2021.0,IND,SEA,20.0,41
29,2021_01_SEA_IND,1,2021.0,SEA,IND,14.0,26
30,2021_01_SF_DET,1,2021.0,DET,SF,28.0,62
31,2021_01_SF_DET,1,2021.0,SF,DET,16.0,26
32,2021_02_ATL_TB,2,2021.0,ATL,TB,24.0,49
33,2021_02_ATL_TB,2,2021.0,TB,ATL,19.0,39
34,2021_02_BUF_MIA,2,2021.0,BUF,MIA,14.0,34
35,2021_02_BUF_MIA,2,2021.0,MIA,BUF,17.0,50
36,2021_02_CIN_CHI,2,2021.0,CHI,CIN,9.0,27
37,2021_02_CIN_CHI,2,2021.0,CIN,CHI,16.0,35
38,2021_02_DAL_LAC,2,2021.0,DAL,LAC,16.0,29
39,2021_02_DAL_LAC,2,2021.0,LAC,DAL,21.0,43
40,2021_02_DEN_JAX,2,2021.0,DEN,JAX,19.0,37
41,2021_02_DEN_JAX,2,2021.0,JAX,DEN,11.0,35
42,2021_02_DET_GB,2,2021.0,DET,GB,20.0,37
43,2021_02_DET_GB,2,2021.0,GB,DET,18.0,30
44,2021_02_HOU_CLE,2,2021.0,CLE,HOU,16.0,23
45,2021_02_HOU_CLE,2,2021.0,HOU,CLE,15.0,30
46,2021_02_KC_BAL,2,2021.0,BAL,KC,16.0,28
47,2021_02_KC_BAL,2,2021.0,KC,BAL,20.0,31
48,2021_02_LA_IND,2,2021.0,IND,LA,19.0,40
49,2021_02_LA_IND,2,2021.0,LA,IND,17.0,31
50,2021_02_LV_PIT,2,2021.0,LV,PIT,24.0,39
51,2021_02_LV_PIT,2,2021.0,PIT,LV,15.0,42
52,2021_02_MIN_ARI,2,2021.0,ARI,MIN,19.0,39
53,2021_02_MIN_ARI,2,2021.0,MIN,ARI,17.0,33
54,2021_02_NE_NYJ,2,2021.0,NE,NYJ,12.0,33
55,2021_02_NE_NYJ,2,2021.0,NYJ,NE,13.0,37
56,2021_02_NO_CAR,2,2021.0,CAR,NO,22.0,40
57,2021_02_NO_CAR,2,2021.0,NO,CAR,5.0,26
58,2021_02_NYG_WAS,2,2021.0,NYG,WAS,15.0,36
59,2021_02_NYG_WAS,2,2021.0,WAS,NYG,22.0,46
60,2021_02_SF_PHI,2,2021.0,PHI,SF,10.0,26
61,2021_02_SF_PHI,2,2021.0,SF,PHI,15.0,30
62,2021_02_TEN_SEA,2,2021.0,SEA,TEN,13.0,34
63,2021_02_TEN_SEA,2,2021.0,TEN,SEA,25.0,43
64,2021_03_ARI_JAX,3,2021.0,ARI,JAX,21.0,34
65,2021_03_ARI_JAX,3,2021.0,JAX,ARI,19.0,36
66,2021_03_ATL_NYG,3,2021.0,ATL,NYG,17.0,39
67,2021_03_ATL_NYG,3,2021.0,NYG,ATL,18.0,37
68,2021_03_BAL_DET,3,2021.0,BAL,DET,14.0,34
69,2021_03_BAL_DET,3,2021.0,DET,BAL,15.0,33
70,2021_03_CAR_HOU,3,2021.0,CAR,HOU,19.0,37
71,2021_03_CAR_HOU,3,2021.0,HOU,CAR,13.0,31
72,2021_03_CHI_CLE,3,2021.0,CHI,CLE,5.0,29
73,2021_03_CHI_CLE,3,2021.0,CLE,CHI,17.0,35
74,2021_03_CIN_PIT,3,2021.0,CIN,PIT,10.0,18
75,2021_03_CIN_PIT,3,2021.0,PIT,CIN,24.0,62
76,2021_03_GB_SF,3,2021.0,GB,SF,16.0,32
77,2021_03_GB_SF,3,2021.0,SF,GB,21.0,44
78,2021_03_IND_TEN,3,2021.0,IND,TEN,12.0,39
79,2021_03_IND_TEN,3,2021.0,TEN,IND,14.0,28
80,2021_03_LAC_KC,3,2021.0,KC,LAC,24.0,46
81,2021_03_LAC_KC,3,2021.0,LAC,KC,23.0,40
82,2021_03_MIA_LV,3,2021.0,LV,MIA,22.0,46
83,2021_03_MIA_LV,3,2021.0,MIA,LV,21.0,51
84,2021_03_NO_NE,3,2021.0,NE,NO,20.0,53
85,2021_03_NO_NE,3,2021.0,NO,NE,12.0,24
86,2021_03_NYJ_DEN,3,2021.0,DEN,NYJ,16.0,27
87,2021_03_NYJ_DEN,3,2021.0,NYJ,DEN,14.0,40
88,2021_03_PHI_DAL,3,2021.0,DAL,PHI,21.0,30
89,2021_03_PHI_DAL,3,2021.0,PHI,DAL,17.0,41
90,2021_03_SEA_MIN,3,2021.0,MIN,SEA,26.0,39
91,2021_03_SEA_MIN,3,2021.0,SEA,MIN,18.0,34
92,2021_03_TB_LA,3,2021.0,LA,TB,19.0,39
93,2021_03_TB_LA,3,2021.0,TB,LA,31.0,58
94,2021_03_WAS_BUF,3,2021.0,BUF,WAS,25.0,45
95,2021_03_WAS_BUF,3,2021.0,WAS,BUF,9.0,25
96,2021_04_ARI_LA,4,2021.0,ARI,LA,22.0,35
97,2021_04_ARI_LA,4,2021.0,LA,ARI,23.0,41
98,2021_04_BAL_DEN,4,2021.0,BAL,DEN,21.0,40
99,2021_04_BAL_DEN,4,2021.0,DEN,BAL,13.0,42
100,2021_04_CAR_DAL,4,2021.0,CAR,DAL,20.0,44
101,2021_04_CAR_DAL,4,2021.0,DAL,CAR,13.0,24
102,2021_04_CLE_MIN,4,2021.0,CLE,MIN,14.0,37
103,2021_04_CLE_MIN,4,2021.0,MIN,CLE,12.0,40
104,2021_04_DET_CHI,4,2021.0,CHI,DET,8.0,18
105,2021_04_DET_CHI,4,2021.0,DET,CHI,23.0,42
106,2021_04_HOU_BUF,4,2021.0,BUF,HOU,20.0,32
107,2021_04_HOU_BUF,4,2021.0,HOU,BUF,6.0,24
108,2021_04_IND_MIA,4,2021.0,IND,MIA,14.0,34
109,2021_04_IND_MIA,4,2021.0,MIA,IND,14.0,33
110,2021_04_JAX_CIN,4,2021.0,CIN,JAX,19.0,33
111,2021_04_JAX_CIN,4,2021.0,JAX,CIN,15.0,25
112,2021_04_KC_PHI,4,2021.0,KC,PHI,22.0,31
113,2021_04_KC_PHI,4,2021.0,PHI,KC,26.0,51
114,2021_04_LV_LAC,4,2021.0,LAC,LV,16.0,41
115,2021_04_LV_LAC,4,2021.0,LV,LAC,14.0,38
116,2021_04_NYG_NO,4,2021.0,NO,NYG,15.0,26
117,2021_04_NYG_NO,4,2021.0,NYG,NO,20.0,40
118,2021_04_PIT_GB,4,2021.0,GB,PIT,17.0,39
119,2021_04_PIT_GB,4,2021.0,PIT,GB,15.0,42
120,2021_04_SEA_SF,4,2021.0,SEA,SF,8.0,26
121,2021_04_SEA_SF,4,2021.0,SF,SEA,21.0,43
122,2021_04_TB_NE,4,2021.0,NE,TB,24.0,46
123,2021_04_TB_NE,4,2021.0,TB,NE,18.0,44
124,2021_04_TEN_NYJ,4,2021.0,NYJ,TEN,16.0,35
125,2021_04_TEN_NYJ,4,2021.0,TEN,NYJ,25.0,57
126,2021_04_WAS_ATL,4,2021.0,ATL,WAS,21.0,43
127,2021_04_WAS_ATL,4,2021.0,WAS,ATL,18.0,35
128,2021_05_BUF_KC,5,2021.0,BUF,KC,12.0,26
129,2021_05_BUF_KC,5,2021.0,KC,BUF,28.0,56
130,2021_05_CHI_LV,5,2021.0,CHI,LV,11.0,22
131,2021_05_CHI_LV,5,2021.0,LV,CHI,13.0,39
132,2021_05_CLE_LAC,5,2021.0,CLE,LAC,15.0,33
133,2021_05_CLE_LAC,5,2021.0,LAC,CLE,20.0,46
134,2021_05_DEN_PIT,5,2021.0,DEN,PIT,22.0,41
135,2021_05_DEN_PIT,5,2021.0,PIT,DEN,14.0,26
136,2021_05_DET_MIN,5,2021.0,DET,MIN,15.0,40
137,2021_05_DET_MIN,5,2021.0,MIN,DET,17.0,35
138,2021_05_GB_CIN,5,2021.0,CIN,GB,20.0,42
139,2021_05_GB_CIN,5,2021.0,GB,CIN,20.0,40
140,2021_05_IND_BAL,5,2021.0,BAL,IND,35.0,47
141,2021_05_IND_BAL,5,2021.0,IND,BAL,19.0,38
142,2021_05_LA_SEA,5,2021.0,LA,SEA,21.0,38
143,2021_05_LA_SEA,5,2021.0,SEA,LA,16.0,35
144,2021_05_MIA_TB,5,2021.0,MIA,TB,19.0,42
145,2021_05_MIA_TB,5,2021.0,TB,MIA,31.0,45
146,2021_05_NE_HOU,5,2021.0,HOU,NE,17.0,32
147,2021_05_NE_HOU,5,2021.0,NE,HOU,17.0,30
148,2021_05_NO_WAS,5,2021.0,NO,WAS,13.0,32
149,2021_05_NO_WAS,5,2021.0,WAS,NO,17.0,44
